{"cameraMode":{"drawMode":0,"name":"Shaded","section":"Shading Mode"},"sceneLighting":true,"audioPlay":false,"sceneViewState":{"showFog":true,"showMaterialUpdate":true,"showSkybox":true,"showFlares":true,"showImageEffects":true,"showParticleSystems":true},"in2DMode":false,"pivot":{"x":7.630768775939941,"y":2.0366005897521974,"z":3.69999361038208},"rotation":{"x":0.03415603190660477,"y":-0.8022619485855103,"z":0.045985862612724307,"w":0.5943357944488525},"size":1.1660254001617432,"orthographic":false}